{"H0":{"0":0.0,"1":250.0,"2":500.0,"3":750.0,"4":1000.0,"5":1250.0,"6":1500.0,"7":1750.0,"8":2000.0,"9":2250.0,"10":2500.0,"11":2750.0,"12":3000.0,"13":3250.0,"14":3500.0,"15":3750.0,"16":4000.0,"17":4250.0,"18":4500.0,"19":4750.0,"20":5000.0},"u0":{"0":0.0,"1":9.1509768061,"2":19.7837344364,"3":36.7095903707,"4":59.4154528389,"5":85.5912528186,"6":116.9437663854,"7":152.7750106045,"8":192.8162102743,"9":242.971857611,"10":303.4296311148,"11":371.8597386622,"12":447.9444761993,"13":529.478874395,"14":615.0734943869,"15":704.7477038449,"16":795.7459966077,"17":887.8859351107,"18":980.5519826149,"19":1074.8988764287,"20":1170.0875197283},"theta0":{"0":0.0,"1":0.0010893413,"2":0.0022990474,"3":0.0040830688,"4":0.0063184696,"5":0.0087719533,"6":0.0115719317,"7":0.0146422011,"8":0.0179594675,"9":0.0219191943,"10":0.0265057063,"11":0.0315337505,"12":0.0369760197,"13":0.042707387,"14":0.0486473026,"15":0.0547931245,"16":0.0610056066,"17":0.0672751571,"18":0.0735687412,"19":0.0799458391,"20":0.0863642686},"M0":{"0":0.0,"1":250.0,"2":500.0,"3":750.0,"4":1000.0,"5":1250.0,"6":1500.0,"7":1750.0,"8":2000.0,"9":2250.0,"10":2500.0,"11":2750.0,"12":3000.0,"13":3250.0,"14":3500.0,"15":3750.0,"16":4000.0,"17":4250.0,"18":4500.0,"19":4750.0,"20":5000.0},"u1":{"0":0.0,"1":1.0893413199,"2":2.1786826399,"3":3.2680239598,"4":4.3573652797,"5":5.4467065997,"6":6.5360479196,"7":7.6253892396,"8":8.7147305595,"9":9.8040718794,"10":10.8934131994,"11":11.9827545193,"12":13.0720958392,"13":14.1939916563,"14":15.3685450183,"15":16.5430729349,"16":17.7176008515,"17":18.9164758082,"18":20.1329036106,"19":21.4069283537,"20":22.6809719736},"theta1":{"0":0.0,"1":0.0002295682,"2":0.0004591364,"3":0.0006887046,"4":0.0009182727,"5":0.0011478409,"6":0.0013774091,"7":0.0016069773,"8":0.0018365455,"9":0.0020661137,"10":0.0022956818,"11":0.00252525,"12":0.0027548182,"13":0.0029875445,"14":0.0032250061,"15":0.0034624653,"16":0.0036999245,"17":0.0039392504,"18":0.0041801766,"19":0.0044277178,"20":0.0046752608}}