{"H0":{"0":0.0,"1":250.0,"2":500.0,"3":750.0,"4":1000.0,"5":1250.0,"6":1500.0,"7":1750.0,"8":2000.0,"9":2250.0,"10":2500.0,"11":2750.0,"12":3000.0,"13":3250.0,"14":3500.0,"15":3750.0,"16":4000.0,"17":4250.0,"18":4500.0,"19":4750.0,"20":5000.0},"u0":{"0":0.0,"1":9.3777863616,"2":21.1854704906,"3":37.4340836242,"4":56.5729990879,"5":79.8434334219,"6":105.730203632,"7":135.490685588,"8":172.0643870116,"9":215.8933760139,"10":267.0534946405,"11":325.6262776478,"12":391.7638082089,"13":464.5245704139,"14":543.7180316966,"15":627.152062291,"16":713.4966423321,"17":803.4459742059,"18":896.0276701786,"19":989.2664322312,"20":1082.8717194853},"theta0":{"0":0.0,"1":0.0011750701,"2":0.0025721723,"3":0.0043705998,"4":0.006389163,"5":0.0087075359,"6":0.0111945088,"7":0.0139393495,"8":0.0171480649,"9":0.0208164848,"10":0.0249146432,"11":0.0294331521,"12":0.0343634463,"13":0.039650574,"14":0.0452708783,"15":0.0511070118,"16":0.0570907059,"17":0.0632524146,"18":0.069545341,"19":0.0758696238,"20":0.0822105105},"M0":{"0":0.0,"1":250.0,"2":500.0,"3":750.0,"4":1000.0,"5":1250.0,"6":1500.0,"7":1750.0,"8":2000.0,"9":2250.0,"10":2500.0,"11":2750.0,"12":3000.0,"13":3250.0,"14":3500.0,"15":3750.0,"16":4000.0,"17":4250.0,"18":4500.0,"19":4750.0,"20":5000.0},"u1":{"0":0.0,"1":1.1696635698,"2":2.3393271395,"3":3.5089907093,"4":4.678654279,"5":5.8483178488,"6":7.0179814185,"7":8.1876449883,"8":9.357308558,"9":10.5269721278,"10":11.7648660406,"11":13.0614123549,"12":14.3578386646,"13":15.7041773389,"14":17.0549154982,"15":18.4056536576,"16":19.7563918169,"17":21.1737761161,"18":22.6007872318,"19":24.0275904107,"20":25.5567825577},"theta1":{"0":0.0,"1":0.000240275,"2":0.0004805499,"3":0.0007208249,"4":0.0009610999,"5":0.0012013748,"6":0.0014416498,"7":0.0016819247,"8":0.0019221997,"9":0.0021624747,"10":0.0024097954,"11":0.0026629229,"12":0.0029160383,"13":0.0031734996,"14":0.0034313434,"15":0.0036891872,"16":0.0039470309,"17":0.0042109895,"18":0.004475901,"19":0.004740793,"20":0.0050170003}}